<?xml version="1.0" encoding="ISO-8859-2"?>
<pane>
	
	<menuBar>Bar:
		<menu>File<popupMenu>
			<menuItem>New</menuItem>
			<menuItem>Open</menuItem>
			<menu>Save As<popupMenu>
				<menu>Recent<popupMenu>
					<menuItem>1.pdf</menuItem>
					<menuItem>2.xls</menuItem>
				</popupMenu></menu>
				<menuItem>PDF...</menuItem>
				<menuItem>XLS...</menuItem>
			</popupMenu></menu>
		</popupMenu></menu>
		<menu>Edit<popupMenu>
			<menuItem>Cut</menuItem>
			<menuItem>Copy</menuItem>
			<menuItem>Paste</menuItem>
		</popupMenu></menu>
		<spacer width="16"/>
		<menu>Help<popupMenu>
			<menuItem>Help Contents</menuItem>
			<separator/>
			<menuItem>About</menuItem>
		</popupMenu></menu>
	</menuBar>
	<break/>

	<pane>
		<button><picture source="thinlet/demo/icon/image.png"/><spacer width="8"/>Button</button>
		<checkBox>CheckBox</checkBox>
		<radioButton>RadioButton</radioButton>
		<break/>
		<comboBox>ComboBox<popupMenu>
			<menuItem>One</menuItem>
			<menuItem>Two <picture source="thinlet/demo/icon/image.png"/></menuItem>
			<separator/>
			<menuItem>Three</menuItem>
		</popupMenu></comboBox>
		<slider/>
		<textField/>
		<break/>
		<progressBar/>
		<anchor>��&lt;&gt;&amp;&quot;&apos;&#169;&#xAE;</anchor>
		<separator/>
	</pane>
	<break/>

	<tabbedPane/>
	<break/>
	
	<button><picture source="thinlet/demo/icon/image.png"/> Label <button>Button</button> Label <progressBar/></button>
	<break/>
	<!-- <picture source="thinlet/demo/icon/animated.gif"/> -->

</pane>